,error,"[learn_rate, num_hidden_nodes, weight_range, beta]"
0,0.13871724686249579,"[2.137252457242292, 12, 2.231950700824378, 52, 377]"
