,error,"[learn_rate, num_hidden_nodes, weight_range, beta]"
0,0.1347438168836406,"[2.193246420441745, 8, 2.3074075203070645, 252, 381]"
